job_id,skill_id
1,1
1,2
1,3
1,4
1,5
1,6
2,7
3,8
3,9
3,4
3,7
3,6
4,10
4,11
4,12
4,13
4,14
4,2
4,4
5,8
5,15
5,16
5,17
6,18
6,19
6,20
6,21
6,1
6,22
6,23
7,24
7,25
7,26
7,20
7,4
7,23
8,7
9,24
9,1
9,27
9,4
12,24
12,4
13,12
15,25
15,28
15,7
16,10
16,24
16,29
16,30
16,12
16,2
16,31
16,3
16,32
16,7
16,33
16,16
16,5
17,10
17,24
17,34
17,35
17,4
19,29
19,36
19,27
19,7
19,33
19,16
20,29
20,37
20,19
20,20
20,38
20,39
21,10
21,24
21,30
21,1
21,27
21,2
21,7
21,5
22,24
22,29
22,40
22,19
22,41
22,42
22,43
22,6
23,10
23,24
23,27
23,2
23,44
23,6
24,6
26,45
26,46
27,4
27,44
28,29
28,19
28,3
28,4
28,17
29,39
29,9
29,4
29,7
30,7
31,8
31,11
31,27
32,25
32,38
32,9
32,4
32,44
32,5
33,27
33,16
34,10
34,24
34,45
35,24
35,25
35,37
35,27
35,3
35,9
35,7
36,27
36,3
36,39
36,4
36,7
36,6
37,11
38,4
39,29
39,47
39,27
40,7
41,36
42,7
44,4
44,6
45,1
45,17
46,8
46,12
47,1
48,27
48,9
48,4
48,7
48,5
49,10
49,24
49,8
49,48
49,40
49,49
49,19
49,50
50,10
50,24
50,29
50,40
50,37
50,34
50,27
50,51
50,9
50,4
50,23
50,7
51,27
51,4
51,7
51,33
51,5
52,27
52,9
52,4
52,7
53,29
53,34
53,42
53,52
53,6
55,10
55,48
55,53
55,37
55,50
55,52
55,9
56,29
56,19
56,20
56,38
56,42
56,43
56,7
57,10
57,24
57,29
57,54
57,8
57,40
57,55
57,19
57,56
57,57
57,2
57,4
57,44
58,10
58,24
58,40
58,49
58,37
58,19
58,38
58,42
58,43
58,3
59,1
59,4
59,7
60,10
60,58
60,17
61,10
61,24
61,45
61,59
61,27
62,4
63,39
63,4
64,10
64,24
64,52
64,60
64,27
64,7
65,24
65,29
65,25
65,26
65,19
65,38
65,41
65,42
65,43
65,61
65,27
65,4
65,7
66,27
66,7
67,10
67,45
67,59
67,52
67,12
67,13
67,62
68,20
68,33
68,44
69,27
69,7
70,27
70,9
70,4
70,5
71,4
72,4
72,7
73,24
73,28
73,26
73,63
73,38
73,42
73,58
73,4
74,29
74,25
74,26
74,4
74,16
75,18
76,10
76,24
76,45
76,59
76,27
77,39
78,10
78,24
78,64
78,40
78,49
78,41
78,13
78,15
78,62
78,65
78,14
78,21
78,66
78,67
79,10
79,40
79,49
79,19
79,34
79,39
81,24
81,37
81,7
81,17
82,17
83,27
84,18
84,20
84,9
84,4
84,23
84,7
85,37
85,34
85,42
85,27
85,3
85,7
85,6
86,10
86,30
86,11
86,12
86,2
86,68
87,10
87,24
87,2
87,3
87,7
87,6
88,27
88,39
88,7
89,29
89,40
89,41
89,34
89,42
89,50
89,69
89,27
89,70
89,7
91,24
91,29
91,40
91,49
91,34
91,35
91,71
91,72
91,73
91,74
91,7
92,75
92,24
92,29
92,12
92,2
92,31
93,25
93,42
93,23
94,10
94,24
94,12
94,1
94,27
94,2
94,7
94,44
95,12
95,22
95,6
96,24
96,28
96,26
96,76
96,37
96,1
96,77
96,78
96,36
96,61
96,27
96,39
96,9
96,4
97,10
97,25
97,26
97,27
97,39
97,4
97,7
97,5
98,34
98,79
98,71
98,72
98,17
99,25
99,26
99,76
99,34
99,42
99,50
99,27
99,80
100,26
100,37
100,20
100,3
100,9
100,23
100,7
101,24
101,25
101,63
101,40
101,49
101,37
101,55
101,38
101,41
101,42
101,81
101,43
101,27
101,39
101,7
102,10
102,33
103,27
105,10
105,24
105,26
105,76
105,1
105,27
105,6
106,10
106,75
106,77
106,78
107,27
107,7
108,1
108,27
108,4
109,37
109,1
109,23
109,17
110,75
110,24
110,30
110,26
110,27
110,4
110,23
111,10
111,38
111,42
111,43
111,12
112,1
113,1
113,17
114,4
114,23
114,44
115,34
115,33
115,17
116,10
116,24
116,25
116,20
116,41
116,27
116,3
116,4
116,7
116,68
117,29
117,27
117,39
117,7
118,24
118,82
118,34
118,81
118,27
118,83
118,3
119,10
119,24
119,29
119,25
119,48
119,40
119,49
119,37
119,41
119,34
119,42
119,50
119,27
119,56
119,83
119,70
119,58
119,7
119,17
119,84
121,24
121,37
121,55
121,19
121,20
121,38
121,34
121,42
121,81
121,85
121,36
121,61
121,27
121,57
121,70
121,17
121,84
122,26
122,27
122,4
122,5
125,8
125,41
125,11
125,12
125,86
125,39
125,9
126,29
126,12
126,17
127,18
127,25
127,42
127,27
128,10
128,34
128,35
128,79
128,72
128,36
128,70
128,58
129,29
129,82
129,34
129,81
129,3
130,45
130,59
130,4
130,80
131,20
131,3
131,9
131,4
131,23
131,5
132,27
132,4
132,7
134,24
134,27
134,6
135,25
135,19
135,20
135,38
135,41
135,42
135,43
135,9
135,17
136,25
136,9
137,24
137,25
137,40
138,24
138,55
138,19
138,42
138,39
138,17
138,84
139,87
140,24
140,25
140,37
140,20
140,36
140,3
140,88
140,9
140,4
140,23
140,7
142,36
142,16
143,9
143,4
143,23
143,7
143,44
144,10
144,40
144,49
144,42
144,50
144,12
144,13
144,15
144,89
144,90
144,1
145,10
145,40
145,81
145,70
145,44
146,11
147,27
147,4
147,7
148,27
148,4
148,7
148,33
148,6
149,10
149,24
149,45
149,59
149,25
149,11
149,78
149,85
149,61
149,39
149,88
149,9
149,23
149,6
150,29
150,12
150,15
150,62
150,6
151,4
151,5
152,37
152,55
152,52
152,3
154,20
154,1
154,4
155,24
155,54
155,81
155,61
155,17
156,10
156,24
156,45
156,54
156,59
156,56
156,23
156,17
156,84
157,10
157,29
157,40
157,49
157,37
157,19
157,41
157,35
157,81
157,12
157,3
157,39
157,6
158,1
158,4
159,24
159,28
159,40
159,41
159,42
159,17
159,84
160,44
161,1
162,12
162,62
162,91
163,24
163,20
163,27
163,7
163,17
163,84
164,92
165,93
166,10
166,40
166,34
166,12
166,44
166,6
167,1
168,8
168,11
168,27
169,10
169,40
169,49
169,50
169,14
169,94
170,82
170,95
170,81
170,9
170,4
170,23
170,17
171,5
172,29
172,20
172,38
172,41
172,42
172,81
173,38
173,34
173,42
173,52
173,81
173,27
173,58
173,3
173,7
173,44
173,17
174,52
174,1
174,9
174,4
174,6
175,10
175,24
175,48
175,19
175,34
175,79
175,78
175,36
175,74
175,70
175,4
175,17
176,18
176,27
176,44
177,24
177,25
177,27
177,9
177,23
177,7
178,1
178,3
179,1
179,4
180,28
180,9
180,4
181,24
181,45
181,29
181,18
181,1
182,10
182,11
182,12
182,93
183,10
183,29
183,19
183,12
183,13
183,15
183,62
183,96
183,7
184,12
184,1
184,2
185,18
185,1
185,9
186,27
186,7
187,8
187,97
188,24
188,37
188,20
188,3
188,39
189,10
189,40
189,37
189,34
189,36
189,3
190,12
190,90
191,27
191,4
191,7
191,68
192,8
192,4
192,7
193,27
193,39
193,7
193,17
193,5
194,10
194,45
194,12
194,36
194,27
194,2
195,1
197,29
197,4
198,46
198,37
198,55
198,20
198,38
198,41
198,11
198,42
198,43
198,15
198,85
199,90
199,1
199,4
200,1
201,24
201,1
201,61
202,10
202,24
202,29
202,25
202,26
202,76
202,48
202,40
202,49
202,37
202,19
202,34
202,42
202,50
202,12
202,69
202,56
202,57
202,9
202,7
202,5
203,10
203,24
203,26
203,19
203,1
203,27
203,88
203,9
203,4
204,12
205,18
205,36
206,2
207,24
207,38
207,42
207,3
209,27
209,4
209,7
210,27
210,4
210,7
210,5
212,24
212,1
213,24
213,37
213,36
213,27
213,3
213,9
213,4
213,6
214,1
214,4
214,23
214,68
214,5
214,6
215,7
217,24
217,36
217,4
218,27
218,39
218,17
220,5
221,7
221,68
222,29
222,19
223,19
223,20
223,38
223,12
223,39
223,23
224,27
224,7
225,39
225,9
225,4
225,23
226,24
226,25
226,61
227,18
227,27
227,39
227,4
228,24
228,29
229,10
229,24
229,45
229,29
229,35
229,81
229,12
229,17
231,7
231,17
232,75
232,24
232,30
232,91
232,33
233,10
233,12
233,21
233,27
233,7
233,6
234,28
234,4
235,10
235,30
235,40
236,25
236,37
236,20
236,27
236,7
236,17
236,84
237,29
237,42
237,12
237,98
237,69
237,92
237,70
237,39
237,6
238,4
239,27
239,7
240,1
240,27
240,87
241,10
241,24
241,45
241,29
241,40
241,46
241,37
241,55
241,41
241,34
241,42
241,52
241,99
241,12
241,17
242,18
242,44
243,10
243,40
243,49
243,19
243,34
243,39
244,18
244,25
245,1
246,7
247,7
248,8
248,7
249,27
250,24
250,26
250,9
250,4
250,23
251,10
251,100
251,77
251,78
251,27
251,93
251,66
251,67
251,51
251,7
252,27
252,4
253,10
253,24
253,37
253,20
253,27
254,24
254,25
254,20
254,61
255,24
255,26
255,37
255,20
255,27
255,3
255,9
255,7
255,6
256,29
256,37
256,19
256,42
256,12
256,27
256,6
258,1
258,4
258,23
259,10
259,24
259,45
259,8
259,48
259,82
259,37
259,20
259,34
259,81
259,27
259,94
259,58
259,3
259,7
259,44
260,27
260,7
260,33
260,6
261,24
261,12
261,36
261,39
262,11
262,6
263,10
263,45
263,29
263,35
263,81
263,12
263,17
264,10
264,25
264,40
264,20
264,42
264,43
264,91
264,70
264,101
264,102
264,3
264,4
264,17
265,12
265,91
265,90
265,2
265,3
265,7
266,10
266,24
266,29
266,40
266,60
267,6
268,24
268,29
268,78
268,103
268,85
268,61
268,27
268,56
268,70
268,7
268,44
268,17
268,6
269,23
273,10
273,24
273,45
273,29
273,35
273,81
273,12
273,17
274,24
274,26
274,37
274,3
274,9
274,4
274,16
274,68
275,4
276,9
276,44
277,30
277,27
277,2
277,7
278,10
278,19
278,42
278,27
278,39
278,4
278,17
279,24
279,25
279,27
279,39
279,4
280,25
280,1
280,27
280,9
280,4
280,23
280,6
281,29
281,34
281,104
281,42
281,52
282,27
282,7
283,28
283,26
283,9
283,23
284,50
284,2
284,4
284,6
285,10
285,24
285,30
285,26
285,48
285,52
285,60
285,58
285,105
285,68
286,27
286,4
286,5
287,10
287,24
287,25
287,38
287,104
287,22
288,27
288,39
288,7
289,7
290,11
290,7
292,24
292,29
292,40
292,49
292,37
292,41
292,42
292,1
292,70
292,7
292,17
292,84
293,24
293,103
293,93
294,29
294,23
294,7
297,10
297,45
297,106
297,40
297,49
297,46
297,19
297,34
297,81
297,79
297,71
297,72
297,99
297,17
298,7
299,27
299,2
299,39
299,4
299,7
299,5
300,1
300,27
300,9
300,87
300,6
302,24
302,54
302,34
302,1
302,61
303,4
303,7
303,5
304,10
304,45
304,29
304,37
304,55
304,19
304,1
304,39
304,4
305,10
305,29
305,19
305,34
305,12
305,13
305,65
305,14
305,22
305,27
305,7
305,44
305,6
306,24
306,61
306,107
306,27
306,3
306,7
306,33
306,44
307,25
307,28
307,26
307,11
307,9
307,4
307,23
309,24
309,19
309,20
309,38
309,27
309,3
309,39
309,7
309,44
310,25
310,26
310,37
310,20
310,38
310,42
310,81
310,3
311,25
311,37
311,108
311,3
311,39
311,23
312,37
312,27
312,39
312,7
312,16
313,10
313,24
313,45
313,37
313,36
313,7
313,17
315,9
315,7
315,6
316,10
316,54
316,36
316,44
317,9
317,4
317,23
317,109
317,6
318,10
318,24
318,30
318,26
318,12
318,27
318,2
318,3
318,9
318,4
318,87
318,5
319,36
319,27
319,4
320,27
320,39
320,7
321,8
321,27
322,2
322,7
323,24
323,81
324,4
325,4
325,23
325,6
326,11
326,27
326,88
326,33
328,18
328,4
328,6
329,17
330,18
330,36
330,27
330,108
330,110
331,24
331,82
331,55
331,19
331,20
331,95
331,81
331,12
331,78
331,39
331,23
332,29
332,4
333,11
333,111
333,88
333,9
333,4
333,87
333,7
333,6
334,25
334,9
334,23
335,29
335,112
335,40
335,11
335,42
335,101
336,88
337,9
337,23
337,5
338,29
338,1
338,39
338,9
338,4
339,24
339,26
339,48
339,53
339,37
339,19
339,11
339,42
339,43
339,27
339,4
339,7
340,10
340,24
340,28
340,26
340,37
340,34
340,42
340,81
340,36
340,61
340,4
340,23
340,17
340,84
341,3
341,6
342,10
342,24
342,29
342,54
342,40
342,37
342,19
342,20
342,3
342,9
342,4
343,24
343,25
343,37
343,11
343,61
343,3
343,4
343,7
344,40
344,103
344,36
344,83
344,93
345,30
345,39
346,1
346,17
347,18
347,2
347,4
348,29
348,19
348,12
348,1
348,3
348,39
348,4
348,6
349,26
349,37
349,81
349,77
349,78
349,39
349,4
350,12
350,1
350,27
351,10
351,24
351,11
351,27
351,2
351,4
351,87
352,38
352,41
352,42
352,43
352,12
352,113
352,27
352,3
352,7
352,44
353,37
353,20
353,42
353,81
354,24
354,8
354,27
354,7
354,6
355,10
355,45
355,15
355,62
355,6
356,10
356,24
356,29
356,18
356,37
356,38
356,41
356,42
356,61
357,11
358,4
358,6
359,11
359,27
359,4
359,44
359,17
359,6
360,18
360,27
360,6
361,24
361,20
361,78
361,36
361,61
361,93
362,10
362,24
362,29
362,40
362,49
362,37
362,19
362,20
362,41
362,35
362,81
362,43
362,61
362,3
362,39
363,24
363,26
363,20
363,81
363,9
363,4
363,23
363,6
364,10
364,24
364,45
364,59
364,27
365,10
365,45
365,29
365,35
365,81
365,12
365,17
367,10
367,24
367,29
367,64
367,114
367,40
367,20
367,34
367,42
367,52
367,81
367,12
367,15
367,62
367,115
367,56
367,66
367,67
368,24
368,1
368,27
368,4
369,10
369,24
369,37
369,19
369,34
369,81
369,79
369,71
369,72
369,3
370,10
370,24
370,29
370,37
370,56
370,93
370,44
370,17
371,10
371,29
371,48
371,46
371,37
371,19
371,20
371,41
371,42
371,81
371,36
371,3
371,9
371,4
371,44
371,6
372,24
372,37
372,81
372,61
373,10
373,12
373,13
373,22
374,19
374,3
375,10
375,24
375,26
375,37
375,27
375,3
375,9
375,4
375,7
375,16
375,44
376,4
377,25
377,3
377,23
377,68
377,44
377,5
378,24
378,25
378,20
378,27
378,3
378,9
378,23
378,7
379,10
379,24
379,45
379,59
379,27
380,24
380,25
380,40
380,49
380,11
380,42
380,43
380,77
380,78
380,113
380,4
380,23
381,10
381,24
381,45
381,29
381,93
381,2
382,24
382,81
382,2
383,1
384,1
384,17
385,11
386,25
386,11
386,9
386,4
386,68
387,24
387,28
387,61
387,27
387,88
387,4
388,1
388,4
388,87
390,29
390,19
390,41
390,42
390,12
390,92
390,27
390,31
390,6
391,18
392,8
392,12
392,6
393,27
393,44
394,24
394,8
395,29
395,37
395,19
395,38
395,11
395,81
395,79
395,103
395,4
396,81
396,27
396,3
396,7
397,10
397,12
397,2
398,10
398,40
398,49
398,19
398,34
398,39
400,10
400,12
400,2
400,3
400,39
401,19
401,34
401,12
401,83
401,70
402,25
402,26
402,27
402,7
403,20
403,38
403,34
403,12
403,58
404,34
404,33
404,17
405,10
405,29
405,40
405,37
405,38
405,34
405,35
405,71
405,99
405,77
405,78
406,10
406,24
406,29
406,48
406,82
406,37
406,19
406,81
406,57
406,68
407,46
408,24
408,27
409,18
409,25
409,28
409,42
410,10
410,24
410,26
410,40
410,49
410,108
410,9
410,84
410,6
411,24
411,37
411,3
412,27
412,39
412,7
413,10
413,24
413,12
413,2
414,11
414,27
414,6
416,10
416,24
416,30
416,20
416,2
416,23
417,27
418,10
418,24
418,40
418,39
418,9
418,23
419,24
419,29
419,36
419,56
419,4
420,10
420,24
420,45
420,59
420,27
421,24
421,15
421,2
422,10
422,45
422,29
422,40
422,46
422,50
422,94
422,83
422,70
422,58
422,7
422,16
423,27
423,44
424,34
424,42
424,52
424,12
424,13
424,94
424,83
425,4
425,6
426,45
426,18
426,46
426,19
426,50
426,52
426,79
426,103
426,56
426,83
426,108
427,27
427,7
427,33
427,6
428,24
428,87
428,7
429,10
429,29
429,34
429,88
430,24
430,22
430,27
431,12
431,21
432,10
432,24
432,29
432,48
432,82
432,46
432,20
432,34
432,42
432,50
432,81
432,78
432,103
432,85
432,27
432,83
432,93
432,70
432,7
433,27
434,10
434,40
434,34
434,12
434,6
435,24
435,25
435,41
435,9
435,4
435,87
436,7
436,17
437,29
438,11
438,27
439,10
439,29
439,40
439,46
439,41
439,34
439,6
440,24
440,19
440,4
442,12
442,44
442,6
443,8
443,1
443,31
443,9
443,4
443,6
444,4
444,23
445,27
445,4
445,7
446,10
446,40
446,13
446,62
446,14
446,116
446,22
446,94
446,83
446,93
446,5
447,10
447,30
447,1
447,27
447,2
447,7
447,5
447,6
448,29
448,83
449,19
449,12
449,2
449,6
450,10
450,24
450,40
450,49
450,37
450,19
450,41
450,42
450,43
450,91
450,70
450,3
450,39
451,4
452,10
452,24
452,29
452,117
452,20
452,34
452,42
452,52
452,81
452,79
452,72
452,58
453,24
453,19
453,11
453,27
453,4
454,24
454,29
454,61
455,24
455,29
455,26
455,11
455,1
455,27
455,3
455,23
456,90
457,118
457,6
458,9
458,4
459,8
459,97
460,93
461,8
461,27
461,23
461,7
462,18
463,11
463,27
463,4
464,1
464,87
465,24
465,26
465,1
465,27
465,5
465,6
466,34
466,33
466,17
467,10
467,24
467,40
467,39
467,9
467,23
468,27
468,7
469,10
469,82
469,20
469,34
469,42
469,81
469,56
469,108
469,110
469,3
469,17
470,1
471,11
471,12
471,1
471,27
471,2
471,6
472,4
472,6
473,7
473,17
474,93
475,8
475,12
476,29
476,25
476,27
476,108
476,9
476,4
476,7
476,5
477,10
477,29
477,12
477,1
477,66
477,67
477,2
477,6
478,27
478,2
478,39
479,10
479,24
479,29
479,40
479,49
479,19
479,20
479,41
479,3
479,39
480,10
480,24
480,82
480,19
480,34
480,27
480,39
481,12
482,10
482,29
482,40
482,37
482,42
482,52
482,119
482,47
482,93
483,26
483,1
483,27
483,4
483,7
483,6
484,18
484,39
484,4
485,24
485,30
485,26
485,63
485,46
485,19
485,20
485,81
485,61
485,83
485,4
486,27
487,95
487,34
487,81
487,44
488,29
488,27
488,7
489,25
489,4
490,11
492,24
492,18
492,36
492,61
492,27
492,93
492,7
493,24
493,41
493,27
493,3
493,23
493,7
494,24
494,45
494,29
494,40
495,18
495,12
495,15
495,62
495,7
495,44
496,4
496,68
498,4
498,7
499,10
499,45
499,59
499,81
499,36
499,56
499,70
501,10
501,45
501,12
501,36
501,27
501,2
502,18
502,27
502,7
503,10
503,24
503,48
503,40
503,49
503,41
503,34
503,35
503,81
503,21
503,27
503,7
504,10
504,40
504,49
504,52
504,15
504,14
504,116
504,69
504,27
504,94
504,83
505,19
505,20
505,3
505,23
506,1
506,27
506,4
506,23
506,44
506,6
507,8
507,37
507,36
507,108
507,23
508,24
508,20
508,81
508,1
508,9
509,8
509,12
509,6
510,29
510,18
512,27
512,44
513,10
513,75
513,24
513,45
513,29
513,59
513,48
513,40
513,46
513,34
513,42
513,50
513,60
513,103
513,85
513,120
513,56
513,94
513,83
513,108
513,110
513,93
513,3
514,10
514,40
514,49
514,12
514,65
514,94
514,83
515,92
516,29
516,90
516,39
517,7
517,17
518,24
518,36
518,61
518,108
518,101
518,7
518,17
519,1
519,4
521,1
521,2
521,9
521,4
522,27
524,5
525,40
525,7
526,27
526,7
527,27
527,44
528,24
528,40
528,27
528,9
528,6
529,39
529,17
530,42
530,12
530,15
530,65
530,14
530,115
530,27
530,70
530,2
530,7
531,2
532,26
532,37
532,20
532,4
532,23
533,10
533,24
533,29
533,30
533,12
533,2
533,31
533,3
533,32
533,7
533,33
533,16
533,5
534,24
534,29
534,37
534,55
534,19
534,36
534,39
534,23
535,10
535,24
535,26
535,27
535,2
535,4
535,7
536,12
536,13
536,121
537,10
537,12
537,13
537,15
537,62
537,51
537,44
538,27
539,24
539,37
539,4
539,7
540,24
540,25
540,3
540,9
540,23
541,10
541,24
541,34
542,24
542,11
542,36
542,27
542,23
542,17
543,29
543,48
543,40
543,49
543,19
543,41
543,11
543,34
543,42
543,81
543,71
543,99
543,83
543,39
544,37
544,91
544,27
544,7
544,17
545,41
545,42
545,7
546,10
546,24
546,48
546,40
546,49
546,20
546,52
546,60
546,12
546,13
546,65
546,14
546,115
546,122
546,91
546,90
546,119
546,69
546,92
546,27
546,51
546,7
547,37
547,19
547,22
547,3
547,23
548,26
548,12
548,9
548,23
548,87
548,5
549,36
550,4
550,7
550,6
551,44
552,10
552,24
552,50
552,52
552,60
552,12
552,27
552,3
552,7
552,44
552,6
553,10
553,24
553,29
553,30
553,12
553,2
553,31
553,3
553,32
553,7
553,33
553,16
553,5
554,24
554,50
554,52
554,60
554,57
554,7
554,44
555,27
555,39
555,7
556,10
556,24
556,25
556,26
556,37
556,20
556,11
556,27
556,9
556,4
556,23
557,45
557,90
557,44
558,10
558,24
558,25
558,37
558,19
558,34
558,42
558,27
558,3
558,9
558,4
558,23
558,7
558,44
559,24
559,27
560,9
560,4
561,29
561,12
561,65
561,14
561,115
561,6
562,24
562,25
562,3
562,39
562,9
562,23
563,10
563,40
563,49
563,34
563,12
563,13
563,1
563,6
564,24
564,25
564,26
564,76
564,19
564,9
564,23
564,16
564,6
565,10
565,24
565,45
565,37
565,36
565,7
565,17
566,1
566,6
567,10
567,24
567,45
567,59
567,27
568,24
568,25
568,26
568,63
568,37
568,3
568,9
568,23
569,10
569,29
569,18
569,76
569,82
569,81
569,4
569,6
570,10
571,29
571,17
573,25
573,11
573,9
573,4
573,23
573,5
574,5
575,10
575,24
575,12
575,96
575,90
575,119
575,4
575,33
575,6
576,27
576,39
576,7
576,6
577,50
577,52
577,77
577,78
577,103
577,36
577,94
577,83
578,10
578,24
578,45
578,37
578,19
578,27
578,3
578,39
578,7
578,44
579,10
579,45
579,12
579,36
579,27
579,2
580,24
580,27
580,3
580,39
580,16
581,10
581,18
581,12
581,27
581,2
581,7
581,17
581,6
582,29
582,37
582,2
583,54
583,78
583,36
583,101
583,4
584,24
584,7
585,27
585,7
586,27
586,44
587,10
587,45
587,29
587,8
587,40
587,34
587,60
587,35
587,81
587,85
587,107
587,83
587,58
588,29
588,12
588,39
588,4
588,17
588,6
589,10
589,12
589,27
589,2
589,7
589,44
590,9
590,23
590,44
591,10
591,24
591,64
591,114
591,15
591,2
591,102
592,24
592,25
592,27
593,15
593,116
593,4
594,4
595,13
595,27
596,7
597,10
597,24
597,29
597,48
597,37
597,41
597,34
597,42
597,50
597,27
597,3
597,9
597,7
598,27
598,7
599,10
599,24
599,25
599,63
599,82
599,37
599,19
599,20
599,95
599,42
599,81
599,27
599,4
600,24
600,29
600,26
600,27
600,9
600,4
600,7
600,6
601,27
601,4
601,7
602,41
602,27
602,5
603,27
603,39
603,7
604,10
604,24
604,45
604,42
604,61
604,57
604,9
604,4
604,7
605,10
605,24
605,76
605,82
605,95
605,52
605,60
605,27
605,39
605,9
605,44
606,24
606,26
606,9
607,11
608,11
608,5
609,24
609,25
609,37
609,27
609,111
609,3
609,9
609,4
611,10
611,54
611,42
611,83
611,93
611,101
611,9
611,4
612,29
612,40
612,41
612,34
612,42
612,50
612,69
612,27
612,70
612,7
613,24
613,29
613,19
613,20
613,38
613,81
613,39
613,4
614,34
614,123
615,29
615,25
615,37
615,55
615,41
615,42
615,22
615,4
615,44
615,5
615,6
616,1
616,27
616,7
616,5
617,24
617,34
617,36
617,61
618,10
618,40
618,34
619,8
619,27
620,29
620,44
621,20
621,27
621,9
621,23
621,7
621,5
622,12
623,10
623,24
623,29
623,54
623,40
623,49
623,61
623,56
623,57
623,108
623,17
623,84
623,6
624,11
624,80
624,68
625,10
625,29
625,37
625,19
625,20
625,38
625,41
625,42
625,39
626,2
626,9
626,4
626,87
627,27
627,7
628,12
628,15
628,1
628,7
629,29
629,55
629,38
629,42
629,81
629,124
629,39
629,6
631,24
631,2
632,25
632,28
632,38
632,27
632,9
632,23
632,7
633,24
633,29
633,42
633,77
633,78
633,103
633,27
633,88
633,7
633,33
634,28
634,27
634,9
634,4
634,23
635,11
636,24
636,29
636,48
636,40
636,37
636,19
636,12
636,90
636,27
636,4
637,12
637,9
637,44
637,17
637,6
639,27
639,9
639,4
639,68
639,6
640,10
640,24
640,29
640,48
640,40
640,19
640,34
640,42
640,50
640,60
640,103
640,36
640,61
640,56
640,57
640,108
640,110
640,70
640,17
640,84
641,11
641,9
641,4
641,23
641,6
642,10
642,24
642,34
642,35
642,79
642,71
642,72
642,99
643,119
643,2
643,31
643,5
644,29
644,25
644,26
644,19
644,20
644,34
644,27
644,9
644,4
644,23
644,7
644,6
645,10
645,24
645,45
645,59
645,40
645,49
645,37
645,20
645,38
645,42
645,43
645,113
645,70
645,44
645,17
647,10
647,26
647,27
647,67
648,27
648,88
648,4
649,24
649,20
649,38
649,34
649,56
649,58
649,5
650,93
651,29
651,18
651,37
651,44
652,24
652,54
653,27
653,39
653,7
654,24
654,8
654,25
654,37
654,38
654,41
654,27
654,3
654,9
654,4
654,7
654,44
655,10
655,12
655,13
655,65
655,14
655,115
655,91
655,90
655,67
655,2
656,45
656,34
657,27
657,39
657,7
657,33
658,12
658,116
658,44
658,6
659,29
659,47
659,27
660,7
661,10
661,24
661,82
661,37
661,55
661,20
661,34
661,42
661,91
661,56
662,24
662,20
662,39
662,16
663,10
663,24
663,45
663,29
663,37
663,27
663,6
664,24
664,45
664,29
664,106
664,59
664,18
664,81
664,85
664,44
665,29
666,11
666,27
666,7
666,6
667,29
667,26
667,34
667,104
667,1
667,4
668,29
668,8
668,18
668,19
668,12
669,29
669,42
669,21
670,29
670,8
670,27
670,4
671,1
671,17
672,24
672,1
672,27
672,2
672,4
672,7
673,7
674,18
674,1
674,4
675,52
675,62
676,25
676,26
676,20
676,27
676,2
676,9
676,23
676,44
677,68
677,44
678,108
678,17
678,84
680,24
680,61
681,24
681,25
681,37
681,42
681,61
681,9
681,4
681,23
682,7
683,12
683,39
683,4
683,23
683,6
684,10
684,24
684,45
684,59
684,27
685,24
685,37
685,9
685,4
685,23
686,1
688,10
688,24
688,25
688,26
688,63
688,37
688,9
688,23
689,29
689,4
689,44
690,4
691,24
691,25
691,63
691,40
691,49
691,37
691,55
691,38
691,42
691,81
691,43
691,27
691,39
691,7
692,24
692,1
692,9
692,4
692,23
692,7
693,12
693,51
693,39
693,4
693,17
694,10
694,24
694,45
694,29
694,19
694,34
694,79
694,72
694,73
695,44
696,26
697,1
697,4
697,23
698,10
698,125
698,19
698,12
698,21
699,4
699,6
700,10
700,24
700,25
700,26
700,1
700,27
700,9
700,23
700,7
700,5
700,6
701,24
701,18
701,40
701,27
701,9
701,4
701,6
702,24
702,8
702,18
702,108
702,17
703,10
703,75
703,24
703,26
703,2
703,7
704,42
704,1
704,4
705,24
705,29
705,40
705,19
705,20
705,38
705,42
705,27
705,39
705,23
705,7
705,6
706,29
706,23
706,6
707,10
707,45
707,12
707,15
707,116
707,22
707,56
708,12
708,39
708,4
708,6
709,36
709,7
710,10
710,24
710,48
710,19
710,34
710,79
710,78
710,36
710,74
710,70
710,4
710,17
711,20
711,11
711,3
712,10
712,24
712,29
712,40
712,49
712,37
712,19
712,34
712,35
712,79
712,71
712,72
712,99
712,77
712,78
712,61
712,39
713,27
714,10
714,29
714,12
714,44
714,17
714,6
715,27
716,10
716,40
716,49
716,37
716,41
716,13
716,96
716,51
717,7
718,20
718,9
718,7
719,29
719,37
719,19
719,41
719,34
719,42
719,52
719,7
719,44
719,6
720,24
720,36
720,61
720,27
720,108
720,39
720,7
721,24
721,8
722,25
722,1
722,4
722,23
722,7
722,17
723,34
723,104
723,7
724,10
724,22
724,7
724,44
724,6
725,24
725,54
725,37
725,61
725,4
725,7
726,7
727,24
727,37
727,19
727,20
727,42
727,61
727,27
727,4
728,10
728,45
728,12
728,36
728,27
728,2
729,10
729,24
729,45
729,59
729,27
730,39
731,27
731,39
731,7
732,24
732,37
732,20
732,34
732,77
732,78
732,36
732,61
732,70
732,3
732,17
733,24
733,45
733,59
733,30
733,11
733,27
733,2
733,51
733,3
733,39
733,4
734,10
734,19
734,12
734,13
734,21
734,70
734,87
735,24
735,37
735,20
735,27
735,4
735,23
736,10
736,75
736,24
736,25
736,26
736,64
736,12
736,1
736,27
736,2
736,9
736,7
736,44
736,5
736,6
737,27
737,108
737,4
738,29
738,18
738,91
738,39
738,33
738,44
738,17
739,6
740,12
740,1
740,44
741,18
741,90
741,27
741,87
741,6
742,1
742,27
742,4
742,7
742,44
743,10
743,48
743,19
743,34
743,72
743,78
743,126
743,6
744,12
744,13
744,62
744,96
745,27
745,4
745,7
746,10
746,24
746,25
746,52
746,12
746,15
746,62
746,27
746,2
746,9
746,5
747,24
747,29
747,34
747,42
747,50
747,39
748,9
749,29
749,20
749,7
751,37
751,41
751,81
751,7
752,26
752,27
752,9
752,87
752,44
753,10
753,24
753,26
753,2
753,7
754,30
754,33
755,39
755,4
755,23
756,24
756,29
756,48
756,82
756,81
756,3
756,4
756,16
757,10
757,24
757,45
757,29
757,40
757,46
757,37
757,55
757,19
757,20
757,38
757,34
757,42
757,70
758,24
758,41
758,27
758,3
758,23
758,7
759,10
759,24
759,34
759,35
759,36
761,19
761,121
761,31
761,39
761,9
761,6
762,29
762,26
762,37
762,34
762,3
762,4
762,23
763,4
763,7
764,20
764,38
765,18
765,12
765,1
765,4
766,24
766,25
766,40
766,46
766,37
766,20
766,41
766,42
766,81
766,43
766,1
766,61
766,5
767,10
767,75
767,24
767,40
767,37
767,19
767,20
767,41
767,42
767,81
767,61
767,27
767,3
767,7
767,44
768,10
768,19
768,12
768,27
768,93
768,2
768,7
769,10
769,24
769,29
769,54
769,37
769,7
770,18
770,28
770,26
770,63
770,27
771,27
771,7
772,27
773,10
773,24
773,40
773,46
773,20
773,34
773,71
773,72
773,85
773,61
773,74
773,94
773,83
773,70
773,58
773,17
774,10
774,45
774,29
774,8
774,40
774,46
774,11
774,34
774,27
774,70
775,10
775,2
775,3
775,7
776,27
776,39
776,9
777,29
777,18
777,37
777,19
777,11
777,39
777,44
778,24
778,82
778,34
778,81
778,79
778,27
778,58
778,3
779,10
779,24
779,40
779,49
779,41
779,34
779,42
779,50
779,81
779,70
780,8
781,29
781,82
781,34
781,81
781,3
782,24
782,27
782,57
782,108
782,7
782,17
783,11
784,10
784,29
784,40
784,34
785,10
785,24
785,29
785,76
785,37
785,20
785,41
785,34
785,81
785,27
785,4
786,24
786,37
786,19
786,39
786,4
786,6
787,10
787,24
787,45
787,30
787,7
787,33
788,37
788,55
788,20
788,38
788,34
788,35
788,79
788,71
788,72
788,99
788,73
788,70
788,4
788,23
789,2
790,28
790,38
790,42
790,3
790,4
791,24
791,28
791,26
791,37
791,20
791,81
791,36
791,27
791,23
791,7
792,27
792,7
793,10
793,24
793,12
793,91
794,29
795,10
795,24
795,25
795,28
795,20
795,11
795,31
795,51
795,9
795,6
796,41
796,12
796,98
796,69
796,92
796,47
797,29
797,37
797,6
798,8
798,18
798,25
798,26
798,27
798,87
798,17
799,12
799,44
799,17
799,6
800,11
800,34
801,25
801,38
801,41
801,42
801,3
801,17
802,10
802,12
802,14
802,116
802,22
802,94
802,83
802,5
804,24
804,1
804,61
805,10
805,30
805,2
806,10
806,12
806,13
806,89
806,122
806,7
807,29
807,12
807,1
807,44
808,39
809,24
809,37
809,36
809,4
809,6
810,10
810,24
810,45
810,82
810,19
810,38
810,41
810,42
811,27
812,24
812,27
812,39
812,4
812,23
812,5
813,24
813,29
813,1
813,36
813,61
813,27
813,39
813,4
814,26
814,27
814,9
814,4
815,18
815,27
816,24
816,37
816,34
817,24
817,82
817,37
817,81
817,27
817,7
818,29
818,1
818,39
818,9
818,4
819,24
819,26
819,9
819,4
819,16
820,10
820,24
820,12
820,66
821,10
821,29
821,37
821,19
821,38
821,41
821,34
821,81
821,85
822,10
822,29
822,40
822,49
822,41
822,11
822,34
822,42
822,50
822,52
822,35
822,81
822,85
822,107
822,70
822,9
823,10
823,48
823,46
823,50
823,52
825,29
826,9
826,4
826,6
827,29
827,37
827,6
829,12
830,24
830,28
830,42
830,61
830,88
830,4
830,23
832,29
832,40
832,37
832,12
832,13
832,92
832,6
833,24
833,19
833,36
833,93
833,4
834,24
834,42
834,103
834,61
834,3
834,39
835,10
835,24
835,50
835,60
835,27
835,7
836,12
837,36
837,4
837,17
838,24
838,39
838,4
838,87
838,33
838,16
839,1
839,31
839,7
840,29
840,40
840,19
840,44
841,24
841,29
841,37
841,19
841,20
841,9
841,4
841,7
841,6
842,26
842,1
843,2
844,1
845,1
845,4
845,33
848,10
848,24
848,25
848,37
848,27
848,9
848,4
848,23
848,7
849,24
849,38
849,34
849,35
849,71
849,72
849,84
850,42
850,22
850,39
850,44
851,42
851,50
851,70
851,4
853,28
853,26
853,27
853,51
853,7
854,10
854,24
854,34
854,52
854,12
854,27
854,2
854,39
854,7
854,17
854,6
855,90
855,2
856,10
856,24
856,45
856,59
856,27
857,10
857,24
857,64
857,114
857,2
857,102
858,10
858,45
858,29
858,34
858,42
858,50
858,12
858,15
858,94
858,83
858,6
859,12
860,10
860,29
860,37
860,19
860,20
860,38
860,41
860,42
860,3
860,39
861,2
861,87
861,6
862,25
862,26
862,1
862,27
862,9
862,4
862,23
863,27
863,39
863,7
865,29
866,24
866,1
866,27
866,9
866,4
866,7
866,6
867,24
867,48
867,19
867,42
867,81
867,56
867,4
869,4
870,8
870,27
870,7
870,5
871,20
871,38
871,41
871,34
871,12
871,58
872,25
872,1
872,27
872,4
872,7
873,12
873,27
874,2
874,39
874,5
875,10
875,45
875,40
875,49
875,34
875,71
875,99
875,58
876,39
877,18
877,27
877,6
878,23
879,12
879,7
880,27
880,7
881,4
882,24
882,20
882,42
882,36
882,61
882,27
882,4
882,7
883,24
883,26
883,9
883,4
883,16
884,24
884,1
884,61
884,27
884,9
884,4
884,23
885,24
885,28
885,1
885,39
885,88
885,9
885,23
885,7
885,6
886,24
886,40
886,19
886,38
886,41
886,42
886,57
886,127
886,58
886,44
887,24
887,30
887,25
887,26
887,27
888,37
888,20
888,36
888,9
888,4
888,23
889,24
889,29
889,22
889,27
889,7
889,6
890,24
890,37
890,20
890,42
890,3
890,17
891,24
891,48
891,40
891,49
891,46
891,19
891,27
892,1
892,4
893,25
893,4
893,7
893,109
893,44
893,6
894,6
895,10
895,24
895,45
895,59
895,27
896,10
896,106
897,27
898,6
900,17
901,29
901,18
901,19
901,4
901,6
902,10
902,40
902,49
902,34
902,81
902,79
902,72
902,99
902,12
902,17
904,12
904,2
904,87
904,7
905,27
905,6
906,24
906,26
906,70
906,23
906,7
906,44
907,10
907,24
907,45
907,29
907,30
907,37
907,19
907,27
907,39
908,10
908,128
908,12
908,21
908,96
908,87
908,7
908,68
908,5
909,10
909,24
909,8
909,48
909,37
909,41
909,42
910,24
910,3
910,9
910,4
910,87
910,6
911,27
911,44
912,10
912,24
912,25
912,11
912,34
912,27
912,2
912,3
912,9
912,4
913,54
913,77
913,78
913,126
913,27
913,93
913,16
914,20
914,38
914,41
914,11
914,34
914,58
914,6
915,7
916,24
916,25
916,28
916,42
916,3
916,9
916,7
917,10
917,29
917,8
917,12
917,17
917,84
918,4
919,27
919,7
919,16
919,44
921,29
921,12
921,44
922,10
922,24
922,12
922,1
922,2
923,1
923,27
923,39
924,24
924,34
924,35
924,12
924,119
924,4
925,24
925,25
925,61
925,27
925,9
925,4
925,17
926,27
927,4
928,9
928,4
928,44
928,6
929,54
929,90
929,27
930,4
931,10
931,24
931,29
931,30
931,2
932,68
933,10
933,24
933,99
933,90
933,39
933,7
933,5
934,24
934,29
934,81
934,61
934,3
934,6
935,28
935,76
935,48
935,82
935,55
935,20
935,34
935,81
935,27
935,9
935,4
936,90
936,27
936,5
936,6
937,24
937,26
937,63
937,36
937,61
937,17
938,10
938,24
938,29
938,28
938,12
938,13
938,15
938,1
938,116
938,69
938,3
939,1
939,17
940,10
940,75
940,12
940,115
940,70
940,66
940,67
941,24
941,25
941,37
941,27
941,3
941,9
941,4
941,23
941,7
942,27
942,39
942,7
943,1
943,9
943,4
943,80
943,5
944,19
944,20
944,3
944,23
945,10
945,45
945,29
945,35
945,81
945,12
945,17
946,10
946,24
946,34
946,81
946,5
947,10
947,40
947,41
947,34
947,27
947,7
947,44
948,29
948,91
948,39
948,4
949,19
949,7
949,17
950,1
950,9
950,4
951,24
951,29
951,54
951,37
951,19
951,20
951,36
951,61
951,27
951,3
951,7
951,44
951,6
952,27
953,45
953,59
953,117
953,11
953,34
953,12
953,77
953,78
953,85
953,56
953,57
953,44
953,17
953,84
953,5
953,6
954,11
954,12
954,4
955,1
955,6
956,10
956,24
956,29
956,19
956,41
956,34
956,35
956,81
956,6
957,27
958,99
958,27
958,2
958,39
958,9
958,4
958,23
959,10
959,29
959,40
959,49
959,37
959,19
959,41
959,35
959,81
959,12
959,27
959,3
959,39
959,7
959,6
960,10
960,24
960,54
960,82
960,37
960,55
960,19
960,34
960,42
960,50
960,35
960,81
960,108
960,93
960,70
960,39
960,17
961,27
961,39
961,7
962,24
962,34
962,78
963,24
963,11
963,12
963,4
963,44
964,24
964,26
964,9
964,7
964,109
964,17
965,75
965,24
965,30
965,91
965,33
966,27
966,4
967,1
967,27
967,23
967,7
967,5
967,6
968,1
969,18
969,27
969,44
970,10
970,45
970,29
970,8
970,40
970,46
970,34
970,77
970,78
970,118
970,6
971,81
971,36
971,84
972,11
973,24
973,54
973,18
973,37
973,36
974,10
974,24
974,28
974,27
974,108
975,24
975,29
975,82
975,37
975,55
975,19
975,20
975,81
975,27
975,4
976,7
977,24
977,20
977,11
977,27
977,4
977,7
977,6
978,24
978,29
978,37
978,19
978,38
978,41
978,42
979,2
979,17
980,24
980,8
980,1
980,27
980,4
980,7
980,5
981,37
981,19
981,12
981,21
981,2
981,7
981,17
982,10
982,85
982,47
982,3
983,10
983,24
983,45
983,28
983,26
983,37
983,27
983,2
983,9
983,23
984,36
985,18
985,25
985,9
985,4
985,23
985,5
986,10
986,29
986,106
986,54
986,34
986,104
986,42
986,52
986,70
987,26
987,27
987,9
987,4
987,44
988,24
988,45
988,29
988,76
988,40
988,37
988,11
988,34
988,50
988,60
989,10
989,11
989,12
989,13
989,14
989,4
990,25
990,20
990,38
990,42
990,39
990,4
990,23
990,7
991,1
991,27
991,17
991,6
992,12
992,1
992,4
993,10
993,37
993,55
993,7
994,10
994,24
994,45
994,106
994,40
994,37
994,20
994,38
994,34
994,42
994,71
994,99
995,29
995,12
995,92
995,5
995,6
996,8
996,48
996,46
996,50
996,60
997,10
997,24
997,45
997,59
997,27
998,29
998,82
998,34
998,81
998,3
999,10
999,45
999,40
999,34
999,72
999,93
999,58
1000,12
1001,27
1002,11
1003,10
1003,30
1003,2
1004,54
1004,42
1004,56
1004,7
1005,24
1005,19
1007,24
1007,45
1007,1
1008,11
1008,1
1008,6
1009,26
1009,27
1009,9
1009,4
1009,23
1009,7
1009,109
1009,5
1010,7
1010,33
1010,5
1011,45
1011,29
1011,40
1011,46
1011,12
1011,13
1011,27
1012,29
1012,6
1013,24
1013,4
1013,23
1014,24
1014,28
1014,26
1014,27
1014,4
1014,23
1014,5
1015,26
1015,37
1015,27
1015,9
1015,4
1015,23
1016,10
1016,12
1016,15
1016,27
1016,39
1019,24
1019,37
1019,9
1019,4
1019,44
1021,39
1022,10
1022,24
1022,45
1022,29
1022,37
1022,19
1022,41
1022,47
1022,27
1022,39
1022,4
1022,17
1023,10
1023,37
1023,19
1023,20
1023,34
1024,29
1024,37
1024,55
1024,19
1024,20
1024,42
1024,43
1024,27
1024,3
1024,23
1024,7
1024,44
1024,5
1025,29
1025,34
1025,27
1025,4
1025,23
1025,33
1026,11
1027,10
1027,24
1027,26
1027,3
1027,9
1027,4
1027,7
1027,17
1028,29
1028,12
1028,6
1029,8
1029,27
1029,7
1030,39
1031,10
1031,24
1031,12
1031,116
1032,37
1032,27
1032,3
1032,39
1032,6
1033,24
1033,61
1033,7
1034,8
1035,18
1035,4
1036,25
1036,50
1036,52
1036,60
1036,4
1036,87
1036,5
1037,17
1038,44
1039,29
1039,55
1039,19
1039,38
1039,41
1039,42
1039,70
1040,54
1040,42
1040,50
1040,44
1041,24
1041,26
1041,91
1041,111
1041,87
1041,7
1041,6
1042,19
1042,42
1043,39
1043,4
1043,44
1044,18
1044,87
1045,10
1045,24
1045,18
1045,27
1045,39
1045,7
1045,44
1046,18
1046,22
1046,27
1047,11
1047,27
1047,39
1048,24
1048,27
1048,5
1049,12
1049,15
1049,116
1049,22
1049,44
1052,38
1052,34
1052,35
1052,36
1052,3
1052,4
1053,29
1053,12
1053,6
1054,44
1055,12
1055,1
1055,4
1056,29
1056,39
1056,7
1056,44
1058,88
1058,44
1058,6
1059,50
1059,60
1060,12
1061,10
1061,37
1061,12
1061,15
1062,12
1062,27
1062,111
1062,6
1063,24
1063,119
1063,61
1064,10
1064,24
1064,2
1064,3
1064,7
1065,25
1065,27
1065,9
1065,4
1065,23
1065,5
1067,10
1067,24
1067,26
1067,40
1067,34
1067,81
1067,79
1067,39
1068,24
1068,18
1068,11
1068,119
1068,61
1068,44
1069,10
1069,24
1069,25
1069,37
1069,19
1069,38
1069,34
1069,42
1069,35
1069,79
1069,71
1069,72
1069,73
1069,27
1069,39
1069,9
1069,4
1069,23
1069,7
1069,5
1070,24
1070,25
1070,26
1070,27
1070,39
1070,9
1070,23
1071,10
1071,24
1071,45
1071,29
1071,19
1071,34
1071,81
1071,79
1071,71
1071,72
1071,73
1071,94
1071,66
1071,67
1071,3
1071,4
1071,7
1072,24
1072,25
1072,63
1072,40
1072,49
1072,37
1072,55
1072,38
1072,41
1072,42
1072,81
1072,43
1072,27
1072,7
1073,11
1073,27
1073,23
1073,7
1073,33
1074,24
1074,25
1074,20
1074,42
1074,43
1074,113
1074,27
1074,4
1074,23
1074,7
1075,10
1075,24
1075,45
1075,29
1075,26
1075,40
1075,90
1075,119
1075,107
1075,2
1075,3
1075,44
1076,10
1076,24
1076,76
1076,37
1076,20
1076,9
1076,4
1076,23
1077,24
1077,27
1077,39
1077,4
1078,10
1078,24
1078,54
1078,25
1078,26
1078,35
1078,77
1078,78
1078,103
1078,85
1078,61
1078,74
1078,56
1078,108
1078,110
1078,93
1078,70
1078,3
1078,4
1078,17
1079,24
1079,26
1079,1
1079,88
1079,9
1079,4
1079,7
1079,44
1079,6
1080,29
1080,44
1083,10
1083,11
1083,12
1083,62
1083,22
1084,24
1084,29
1084,37
1084,38
1084,42
1084,43
1084,61
1084,44
1085,3
1085,39
1085,17
1085,6
1086,29
1086,12
1087,11
1088,104
1088,52
1089,39
1090,24
1090,12
1090,22
1090,44
1091,27
1091,7
1092,24
1092,54
1092,36
1092,27
1092,23
1092,7
1093,29
1093,12
1093,65
1093,14
1093,115
1093,6
1094,18
1094,27
1095,29
1095,4
1096,24
1096,20
1096,34
1096,42
1096,81
1096,119
1096,61
1096,4
1096,17
1097,27
1097,4
1097,7
1097,68
1098,24
1098,45
1098,59
1098,37
1098,9
1098,17
1099,68
1099,44
1100,10
1100,54
1100,37
1100,55
1100,20
1100,39
1100,9
1100,4
1100,87
1101,10
1101,45
1101,29
1101,40
1101,46
1101,19
1101,34
1101,35
1101,81
1101,12
1101,70
1101,17
1102,24
1102,8
1102,27
1102,23
1102,7
1102,33
1103,12
1103,27
1103,6
1104,10
1104,24
1104,29
1104,37
1104,19
1104,81
1104,12
1104,27
1104,3
1104,7
1104,6
1105,18
1105,27
1106,7
1107,36
1107,27
1107,7
1107,33
1108,10
1108,45
1108,59
1108,81
1108,36
1108,56
1108,70
1109,34
1109,77
1109,78
1109,85
1109,27
1109,4
1110,24
1110,2
1112,24
1112,37
1112,91
1112,36
1112,61
1112,39
1112,17
1112,84
1113,68
1114,29
1114,28
1114,9
1114,4
1116,12
1116,13
1116,62
1116,21
1116,96
1116,22
1116,69
1116,2
1116,7
1117,24
1117,39
1117,88
1117,6
1118,24
1118,29
1118,37
1118,11
1118,7
1119,24
1119,29
1119,26
1119,42
1119,61
1119,7
1119,17
1121,10
1121,40
1121,42
1122,10
1122,24
1122,9
1122,4
1122,44
1122,6
1123,20
1123,2
1124,10
1124,24
1124,64
1124,114
1124,15
1124,2
1124,102
1125,18
1125,11
1126,18
1126,36
1126,27
1126,108
1126,110
1127,27
1127,39
1127,7
1128,10
1128,24
1128,4
1129,10
1129,40
1129,13
1129,62
1129,94
1129,83
1129,93
1131,29
1131,37
1131,27
1131,3
1131,39
1131,4
1132,27
1132,4
1132,7
1133,10
1133,24
1133,25
1133,26
1133,12
1133,31
1133,39
1133,4
1134,8
1134,6
1135,10
1135,45
1135,27
1135,70
1136,51
1136,39
1136,88
1136,4
1137,20
1137,1
1137,4
1138,29
1138,47
1138,27
1138,7
1138,6
1139,24
1139,27
1139,39
1139,4
1139,23
1139,5
1140,27
1140,7
1141,10
1141,29
1141,40
1141,46
1141,42
1141,60
1141,12
1141,13
1141,65
1141,14
1141,83
1141,44
1141,6
1143,24
1143,19
1143,11
1143,27
1143,4
1144,12
1145,12
1145,27
1145,2
1145,121
1145,6
1146,10
1146,40
1146,19
1146,2
1146,39
1147,11
1147,27
1148,10
1148,24
1148,26
1148,12
1148,15
1148,90
1148,119
1148,2
1148,44
1149,10
1149,24
1149,45
1149,59
1149,19
1149,27
1149,2
1149,88
1149,4
1149,23
1149,7
1150,44
1151,18
1151,20
1151,38
1151,11
1151,1
1152,24
1152,61
1153,27
1153,7
1154,27
1155,10
1155,75
1155,12
1155,1
1155,4
1155,23
1155,44
1156,29
1156,99
1157,24
1157,40
1157,38
1157,36
1157,9
1158,45
1158,90
1158,44
1159,27
1159,4
1159,7
1160,11
1160,39
1160,44
1162,11
1163,27
1165,24
1165,29
1165,82
1165,37
1165,55
1165,19
1165,20
1165,81
1165,4
1165,17
1165,6
1166,45
1167,10
1167,24
1167,29
1167,25
1167,37
1167,19
1167,42
1167,43
1167,9
1167,44
1167,6
1168,7
1169,10
1169,24
1169,19
1169,2
1169,3
1169,39
1169,6
1170,12
1171,12
1171,4
1171,17
1172,37
1172,27
1172,7
1173,10
1173,24
1173,40
1173,19
1173,41
1173,34
1173,42
1173,81
1173,27
1173,7
1173,68
1174,11
1174,80
1174,68
1175,11
1176,10
1176,24
1176,45
1176,59
1176,27
1177,8
1178,9
1179,29
1179,1
1179,39
1179,9
1179,4
1180,8
1180,36
1180,4
1181,29
1181,4
1182,10
1182,24
1182,45
1182,29
1182,40
1182,41
1182,12
1182,65
1182,14
1182,21
1182,69
1182,2
1182,87
1183,3
1183,39
1184,10
1184,45
1184,29
1184,37
1184,19
1184,34
1184,79
1184,72
1184,27
1185,27
1185,39
1185,7
1186,10
1186,45
1186,29
1186,54
1186,77
1186,78
1186,103
1186,85
1186,118
1186,107
1186,74
1186,27
1186,93
1186,7
1186,44
1187,27
1187,44
1187,17
1187,5
1188,24
1188,35
1188,9
1188,4
1188,23
1188,7
1189,10
1189,40
1189,49
1189,41
1190,10
1190,24
1190,26
1190,9
1190,4
1191,1
1191,39
1191,9
1191,4
1193,24
1193,90
1194,10
1194,24
1194,106
1194,34
1194,77
1194,78
1194,27
1194,56
1194,94
1194,83
1194,70
1194,7
1194,44
1195,10
1195,24
1195,18
1195,28
1195,26
1195,27
1195,17
1195,84
1196,11
1196,91
1196,27
1196,111
1196,121
1196,9
1196,4
1197,29
1197,11
1197,12
1197,4
1197,68
1197,17
1197,6
1198,12
1199,1
1200,10
1200,24
1200,82
1200,37
1200,55
1200,20
1200,34
1200,42
1200,91
1200,56
1200,3
1201,29
1201,50
1201,12
1201,1
1201,44
1202,10
1202,11
1203,24
1203,45
1203,59
1203,25
1203,63
1203,37
1203,61
1203,27
1203,108
1203,4
1203,17
1204,27
1204,39
1204,7
1205,117
1205,42
1205,44
1206,24
1207,11
1208,10
1208,24
1208,34
1208,42
1208,50
1208,15
1208,2
1208,17
1209,24
1209,29
1209,40
1209,19
1209,20
1209,42
1209,50
1209,27
1209,7
1210,12
1210,2
1213,29
1213,25
1214,10
1214,1
1214,2
1214,9
1214,7
1214,5
1214,6
1216,10
1216,24
1216,30
1216,128
1216,26
1216,37
1216,19
1216,20
1216,35
1216,36
1216,3
1216,23
1218,1
1218,39
1218,9
1218,6
1219,44
1220,17
1221,39
1221,7
1221,17
1222,28
1222,1
1222,27
1222,9
1222,4
1222,7
1222,44
1222,5
1223,8
1224,37
1224,20
1224,27
1224,23
1225,1
1226,29
1226,12
1227,29
1227,47
1227,27
1227,7
1227,6
1228,24
1228,25
1228,20
1228,39
1228,9
1228,4
1229,10
1229,24
1229,26
1229,20
1229,27
1229,111
1229,4
1229,23
1230,10
1230,106
1230,12
1230,13
1230,15
1230,1
1231,20
1231,6
1232,24
1232,30
1232,25
1232,26
1232,27
1232,39
1232,9
1232,4
1232,7
1232,33
1232,16
1232,6
1233,11
1233,12
1233,27
1233,23
1233,87
1234,1
1234,87
1234,7
1235,24
1235,20
1235,38
1235,81
1235,61
1235,6
1236,18
1236,39
1237,17
1238,10
1238,45
1238,25
1238,26
1238,40
1238,46
1238,41
1238,42
1238,43
1238,27
1238,56
1238,70
1238,58
1238,7
1239,12
1239,44
1239,17
1239,6
1240,12
1240,83
1241,10
1241,29
1241,12
1241,13
1241,15
1241,62
1241,1
1242,10
1242,45
1242,29
1242,35
1242,81
1242,12
1242,17
1243,5
1244,1
1244,4
1245,24
1245,54
1245,37
1245,20
1245,36
1245,93
1245,3
1245,6
1247,23
1247,44
1248,12
1248,44
1249,10
1249,11
1249,34
1249,104
1249,12
1249,13
1249,65
1249,14
1249,21
1249,22
1249,27
1250,26
1250,9
1251,12
1251,1
1251,39
1251,9
1251,4
1253,10
1253,29
1254,30
1254,39
1255,5
1256,24
1256,45
1256,59
1256,42
1256,61
1256,4
1256,17
1258,18
1258,4
1258,6
1259,4
1259,5
1260,18
1260,4
1260,7
1260,5
1261,27
1262,24
1262,28
1262,26
1262,9
1262,23
1263,24
1263,77
1263,78
1263,3
1265,48
1265,19
1265,41
1265,34
1265,35
1265,79
1265,71
1265,72
1265,1
1265,83
1265,44
1266,29
1267,10
1267,29
1267,19
1267,34
1267,12
1267,13
1267,14
1267,94
1268,27
1268,4
1269,24
1270,24
1270,37
1270,34
1270,42
1270,71
1270,27
1270,3
1270,7
1271,8
1272,39
1272,4
1273,10
1273,24
1273,48
1273,40
1273,49
1273,20
1273,52
1273,60
1273,12
1273,13
1273,65
1273,14
1273,115
1273,122
1273,91
1273,90
1273,119
1273,69
1273,92
1273,27
1273,51
1273,7
1274,10
1274,24
1274,45
1274,29
1274,54
1274,40
1274,34
1274,50
1274,17
1275,19
1275,20
1275,3
1275,23
1276,10
1276,24
1276,45
1276,59
1276,27
1277,6
1278,11
1279,12
1279,27
1279,2
1280,8
1280,37
1280,90
1280,17
1281,12
1282,42
1282,108
1282,17
1283,10
1283,24
1283,40
1283,49
1283,37
1283,38
1283,41
1283,34
1283,27
1283,70
1283,58
1283,7
1283,44
1284,29
1284,37
1284,55
1284,19
1284,3
1284,4
1284,23
1284,6
1285,24
1285,54
1285,37
1285,81
1285,119
1285,85
1285,61
1285,4
1285,7
1285,6
1286,25
1286,20
1286,9
1287,10
1287,40
1287,13
1287,62
1287,14
1287,116
1287,22
1287,94
1287,83
1287,93
1288,10
1288,24
1288,29
1288,12
1288,13
1288,62
1288,65
1288,14
1288,1
1288,22
1288,2
1288,5
1288,6
1289,20
1289,27
1290,10
1290,24
1290,29
1290,54
1290,36
1290,27
1290,6
1291,24
1291,37
1291,19
1291,20
1291,41
1291,3
1291,9
1291,4
1291,5
1292,4
1293,10
1293,24
1293,27
1293,39
1293,4
1294,10
1294,37
1294,11
1294,93
1294,70
1294,7
1294,44
1294,6
1295,24
1295,42
1295,36
1295,93
1296,19
1296,34
1296,12
1296,83
1296,70
1297,12
1297,44
1298,10
1298,29
1298,54
1298,18
1298,37
1298,55
1298,20
1298,39
1298,9
1298,4
1298,87
1299,10
1299,34
1299,52
1299,12
1299,13
1299,15
1299,62
1299,65
1299,14
1299,27
1299,7
1299,16
1299,68
1300,10
1300,45
1300,29
1300,106
1300,59
1300,37
1300,19
1300,41
1300,34
1300,42
1300,50
1300,12
1300,14
1300,21
1300,69
1300,78
1300,74
1300,94
1300,83
1300,70
1300,9
1300,17
1301,24
1301,26
1301,27
1301,4
1301,7
1301,17
1302,29
1302,27
1302,4
1303,34
1303,77
1303,78
1304,39
1304,44
1304,6
1305,24
1305,103
1305,36
1305,61
1305,27
1305,7
1306,24
1306,76
1306,4
1307,27
1307,87
1308,10
1308,24
1308,45
1308,59
1308,27
1309,19
1309,4
1310,88
1310,9
1311,10
1311,24
1311,64
1311,114
1311,15
1311,2
1311,102
1312,29
1312,4
1312,7
1313,10
1313,29
1313,12
1313,13
1313,15
1313,21
1313,96
1313,2
1314,78
1314,36
1314,3
1315,18
1315,11
1316,10
1316,24
1316,48
1316,40
1316,49
1316,20
1316,52
1316,12
1316,13
1316,14
1316,115
1316,122
1316,91
1316,90
1316,119
1316,69
1316,92
1316,27
1316,51
1316,7
1317,10
1317,75
1317,25
1317,26
1317,81
1317,1
1317,9
1317,23
1317,80
1317,6
1318,2
1319,29
1319,40
1319,41
1319,34
1319,42
1319,50
1319,69
1319,27
1319,70
1319,7
1320,24
1320,37
1320,41
1320,11
1321,4
1322,27
1322,7
1323,29
1323,40
1323,41
1323,34
1323,42
1323,50
1323,69
1323,27
1323,70
1323,7
1324,24
1324,27
1324,7
1325,10
1325,24
1325,45
1325,59
1325,27
1326,29
1326,41
1326,6
1327,29
1327,12
1327,13
1327,1
1327,116
1327,27
1327,7
1329,10
1329,24
1329,45
1329,29
1329,54
1329,8
1329,40
1329,34
1329,50
1329,17
1330,10
1330,40
1330,49
1330,34
1330,12
1330,13
1330,1
1330,6
1331,34
1331,85
1331,93
1331,4
1332,18
1332,90
1333,18
1334,10
1334,40
1334,13
1334,62
1334,14
1334,116
1334,22
1334,94
1334,83
1334,93
1335,38
1335,34
1335,27
1335,44
1336,10
1336,24
1336,48
1336,19
1336,38
1336,34
1336,81
1336,70
1336,17
1337,6
1338,10
1338,24
1338,50
1338,52
1338,60
1338,12
1338,27
1338,3
1338,7
1338,44
1338,6
1339,18
1339,4
1340,29
1340,38
1340,11
1341,10
1341,24
1341,34
1341,81
1341,79
1341,72
1342,27
1342,39
1342,7
1343,29
1343,19
1343,20
1343,3
1343,6
1344,24
1344,26
1345,90
1345,1
1345,27
1345,6
1346,29
1346,4
1347,27
1347,39
1347,7
1348,48
1348,40
1348,49
1349,27
1349,39
1349,7
1350,29
1350,47
1351,29
1352,29
1352,27
1352,39
1353,27
1353,7
1353,16
1354,10
1354,24
1354,37
1354,20
1354,38
1354,34
1354,78
1354,36
1354,3
1355,12
1355,44
1356,1
1356,4
1357,10
1357,45
1357,29
1357,8
1357,27
1358,24
1358,37
1358,91
1359,28
1359,27
1359,2
1359,87
1360,27
1360,7
1361,27
1362,27
1362,3
1363,24
1363,37
1363,34
1363,81
1363,36
1363,27
1363,3
1363,7
1363,44
1364,18
1364,11
1365,29
1365,47
1365,27
1365,7
1365,6
1366,117
1366,70
1366,7
1367,12
1367,13
1367,15
1367,62
1367,3
1368,28
1368,1
1368,27
1368,9
1368,4
1368,7
1368,44
1368,5
1369,24
1369,41
1369,12
1370,25
1370,27
1371,25
1371,37
1371,19
1371,39
1371,9
1371,4
1371,23
1372,27
1373,18
1374,1
1374,27
1374,7
1374,33
1374,6
1376,10
1376,18
1376,37
1376,44
1377,44
1378,10
1378,24
1378,40
1378,49
1378,37
1378,81
1378,7
1380,39
1380,23
1381,24
1381,25
1381,9
1381,23
1382,36
1382,4
1383,19
1383,11
1383,27
1383,4
1383,44
1384,10
1384,24
1384,37
1384,20
1384,38
1384,42
1384,43
1384,102
1384,3
1385,24
1385,82
1385,9
1385,4
1386,10
1386,24
1386,64
1386,114
1386,2
1386,102
1387,1
1387,4
1388,12
1388,5
1390,46
1390,37
1390,39
1390,9
1391,10
1391,40
1391,49
1391,50
1391,15
1391,14
1391,116
1391,69
1391,27
1391,94
1391,83
1391,7
1392,34
1392,33
1392,17
1393,27
1393,7
1393,16
1393,17
1394,17
1395,45
1395,29
1395,59
1395,34
1395,79
1395,72
1395,77
1395,78
1395,36
1395,74
1395,108
1395,70
1396,30
1396,39
1397,10
1397,25
1397,26
1397,100
1397,9
1397,4
1397,5
1398,10
1398,75
1398,24
1398,19
1398,1
1398,27
1398,2
1398,51
1398,9
1398,4
1398,80
1398,129
1398,7
1398,44
1399,44
1400,24
1400,2
1401,34
1401,78
1402,29
1402,12
1402,87
1402,68
1402,44
1403,24
1403,30
1403,37
1403,93
1404,8
1404,12
1405,11
1405,17
1405,6
1406,6
1407,10
1407,24
1407,29
1407,25
1407,40
1407,19
1407,41
1407,42
1407,81
1407,3
1407,7
1407,6
1408,6
1409,5
1410,24
1410,37
1410,20
1410,39
1411,20
1411,27
1411,9
1411,5
1412,11
1412,27
1412,87
1412,7
1412,44
1412,6
1413,10
1413,24
1413,45
1413,59
1413,27
1415,19
1415,34
1415,42
1415,52
1415,17
1416,19
1416,1
1416,2
1416,39
1416,9
1416,4
1416,23
1417,10
1417,30
1417,91
1418,9
1418,4
1418,33
1419,25
1419,37
1419,19
1419,20
1419,41
1419,42
1419,43
1419,70
1419,9
1420,29
1420,11
1420,39
1421,10
1421,12
1421,27
1421,2
1421,7
1421,44
1422,27
1422,7
1422,44
1423,4
1424,4
1425,1
1425,4
1425,7
1425,44
1426,29
1427,12
1427,15
1427,62
1427,39
1428,24
1428,38
1428,42
1428,77
1428,78
1428,27
1428,3
1428,7
1428,33
1429,18
1429,27
1429,6
1430,1
1430,9
1430,87
1431,10
1431,26
1431,41
1431,42
1431,9
1431,6
1432,10
1432,24
1432,45
1432,59
1432,27
1433,12
1433,39
1433,4
1433,7
1433,44
1433,6
1434,27
1434,7
1435,27
1435,7
1435,17
1435,84
1436,10
1436,24
1436,25
1436,37
1436,42
1436,36
1436,61
1436,27
1436,9
1436,4
1436,23
1437,29
1438,23
1438,44
1439,24
1439,28
1439,40
1439,41
1439,42
1439,1
1439,4
1439,17
1439,84
1440,10
1440,29
1440,12
1440,65
1440,14
1440,21
1441,11
1441,39
1441,44
1443,24
1443,42
1443,36
1443,93
1444,10
1444,24
1444,26
1444,40
1444,11
1444,12
1444,13
1444,91
1444,2
1444,44
1444,6
1445,4
1446,24
1446,54
1446,42
1446,119
1446,78
1446,103
1446,61
1446,57
1446,58
1447,10
1447,24
1447,40
1447,49
1447,12
1448,29
1448,1
1448,39
1448,9
1448,4
1449,18
1449,27
1449,6
1450,10
1450,12
1450,15
1450,27
1450,39
1451,6
1452,29
1453,18
1454,34
1454,12
1454,7
1455,12
1457,18
1457,87
1458,24
1458,36
1458,3
1458,9
1458,4
1458,7
1459,24
1459,20
1459,39
1459,33
1459,16
1459,17
1460,24
1460,37
1460,19
1460,39
1460,4
1460,6
1461,40
1461,46
1461,50
1461,52
1461,60
1461,39
1461,4
1462,29
1462,23
1463,24
1463,1
1463,27
1463,4
1464,11
1464,1
1464,4
1464,7
1464,5
1464,6
1465,10
1465,24
1465,45
1465,59
1465,27
1466,29
1466,19
1466,1
1467,10
1467,24
1467,29
1467,19
1468,29
1469,106
1469,54
1469,34
1469,77
1469,78
1469,103
1469,36
1469,7
1469,68
1470,75
1470,24
1470,30
1470,91
1470,33
1471,25
1471,26
1471,71
1471,4
1471,23
1472,24
1472,8
1472,25
1472,20
1472,60
1472,3
1472,4
1473,34
1473,90
1473,6
1474,12
1474,1
1475,8
1475,93
1476,10
1476,24
1476,48
1476,46
1476,19
1476,20
1476,34
1476,35
1476,81
1476,79
1476,78
1476,103
1476,118
1476,126
1476,74
1476,3
1477,24
1477,63
1477,37
1477,35
1477,61
1477,27
1477,3
1477,9
1477,4
1477,7
1479,27
1479,39
1479,7
1481,10
1481,29
1481,34
1481,27
1481,7
1482,37
1482,20
1482,4
1482,23
1483,24
1483,37
1483,34
1483,42
1483,27
1483,39
1483,9
1483,4
1483,7
1484,29
1484,47
1484,27
1484,7
1484,6
1485,10
1485,45
1485,12
1485,36
1485,27
1485,2
1486,24
1486,18
1486,108
1486,39
1486,6
1487,10
1487,19
1487,42
1487,116
1487,22
1487,27
1487,7
1488,27
1488,7
1489,24
1489,38
1489,41
1489,42
1489,61
1489,27
1489,4
1489,7
1489,44
1489,17
1490,18
1491,19
1491,1
1492,10
1492,24
1492,45
1492,54
1492,36
1492,93
1492,7
1493,29
1493,12
1493,65
1493,14
1493,115
1493,6
1494,18
1494,1
1494,39
1495,10
1495,24
1495,40
1495,19
1495,34
1496,10
1496,29
1496,19
1496,12
1496,13
1496,15
1496,62
1496,91
1496,1
1498,10
1498,54
1498,78
1498,93
1498,66
1498,67
1499,1
1500,12
1500,4
1501,10
1501,24
1501,34
1501,12
1501,93
1501,2
1501,87
1502,4
1502,7
1503,19
1503,12
1503,39
1504,10
1504,24
1504,30
1504,25
1504,27
1504,39
1504,4
1505,27
1505,39
1505,7
1506,26
1506,63
1506,17
1507,17
1508,27
1508,39
1508,7
1509,37
1509,20
1509,4
1511,10
1511,100
1511,114
1511,12
1511,1
1511,2
1511,39
1511,4
1512,90
1512,4
1514,24
1514,28
1514,26
1514,37
1514,20
1514,42
1514,36
1514,61
1514,9
1514,4
1514,23
1514,7
1514,5
1515,1
1515,4
1515,7
1515,44
1516,27
1516,7
1517,29
1517,19
1517,12
1517,1
1517,3
1517,39
1517,4
1517,6
1518,10
1518,34
1518,42
1518,52
1518,12
1518,15
1518,65
1518,14
1518,96
1519,29
1519,19
1520,36
1520,27
1520,7
1521,45
1521,40
1521,49
1521,46
1522,10
1522,24
1522,26
1522,1
1522,27
1522,7
1523,9
1524,1
1524,9
1524,4
1524,23
1524,17
1525,10
1525,24
1525,45
1525,59
1525,27
1526,12
1526,13
1527,10
1527,24
1527,54
1527,46
1527,37
1527,20
1527,50
1527,61
1527,27
1527,7
1528,1
1528,4
1529,7
1529,33
1530,26
1530,63
1530,17
1531,26
1531,87
1532,24
1532,37
1532,55
1532,20
1532,38
1532,41
1532,81
1532,3
1532,39
1532,33
1533,10
1533,29
1533,54
1533,37
1533,12
1533,9
1533,4
1533,23
1533,6
1534,10
1534,24
1534,18
1534,27
1534,39
1534,7
1534,44
1535,29
1535,47
1535,27
1535,7
1535,6
1536,18
1536,12
1537,25
1537,27
1537,9
1537,4
1537,7
1537,44
1537,5
1537,6
1539,10
1539,24
1539,39
1539,4
1540,5
1541,29
1541,20
1541,38
1541,34
1541,104
1541,22
1542,19
1543,12
1544,10
1544,29
1544,40
1544,49
1544,37
1544,19
1544,41
1544,35
1544,81
1544,12
1544,27
1544,3
1544,39
1544,7
1544,6
1546,45
1546,29
1546,59
1546,117
1546,37
1546,34
1546,72
1546,103
1546,56
1546,94
1547,24
1547,29
1547,34
1547,35
1547,77
1547,78
1547,103
1547,61
1547,27
1547,7
1547,44
1548,7
1549,1
1550,29
1550,12
1550,1
1550,4
1551,36
1552,10
1552,24
1552,19
1552,42
1552,39
1552,4
1552,17
1553,30
1553,7
1554,24
1554,15
1554,2
1555,34
1555,123
1556,24
1556,25
1556,26
1556,27
1556,2
1556,9
1556,32
1556,7
1556,6
1557,20
1557,81
1557,57
1557,70
1557,3
1557,39
1558,18
1558,63
1558,39
1558,9
1558,87
1559,26
1559,27
1559,9
1559,87
1559,44
1561,18
1561,11
1561,3
1561,39
1561,4
1561,16
1562,39
1562,44
1562,5
1563,10
1563,29
1563,4
1563,44
1564,1
1564,27
1564,4
1564,7
1564,6
1565,25
1565,28
1565,26
1565,9
1565,4
1565,7
1565,17
1565,84
1566,10
1566,45
1566,18
1566,27
1566,39
1567,4
1567,23
1567,6
1568,55
1569,60
1569,9
1569,7
1570,36
1570,27
1570,7
1571,29
1571,18
1571,38
1571,22
1571,27
1571,109
1572,29
1572,26
1572,9
1572,4
1572,7
1572,17
1573,37
1573,19
1573,27
1573,3
1573,7
1573,6
1574,12
1574,2
1575,1
1575,9
1575,4
1576,10
1576,24
1576,3
1576,4
1576,17
1577,18
1577,34
1577,77
1577,78
1577,85
1577,126
1577,74
1578,45
1578,29
1578,117
1578,18
1578,19
1578,4
1578,17
1579,36
1579,4
1580,1
1581,24
1581,61
1581,27
1581,6
1582,45
1582,37
1583,29
1583,34
1583,27
1583,7
1583,6
1584,24
1584,25
1584,9
1585,20
1585,38
1587,29
1587,19
1587,1
1587,9
1588,11
1588,42
1588,1
1589,19
1589,34
1589,42
1589,52
1589,17
1590,10
1590,24
1590,45
1590,59
1590,27
1591,1
1592,19
1592,11
1592,1
1592,44
1593,10
1593,24
1593,112
1593,77
1593,78
1593,27
1593,9
1593,4
1593,44
1593,17
1594,18
1594,39
1594,87
1595,24
1595,26
1595,36
1595,61
1595,4
1595,23
1596,5
1598,24
1598,37
1599,20
1599,9
1599,4
1599,23
1600,1
1600,44
1601,29
1601,12
1601,22
1601,6
1602,11
1603,12
1603,44
1603,17
1603,6
1604,10
1604,27
1604,2
1604,68
1606,18
1606,63
1606,41
1606,9
1606,23
1609,11
1609,9
1609,7
1610,29
1610,68
1610,6
1611,28
1611,1
1611,27
1611,9
1611,4
1611,7
1611,44
1611,5
1612,2
1612,17
1613,24
1613,54
1613,81
1613,61
1613,7
1613,17
1613,6
1614,27
1614,39
1614,7
1615,27
1615,39
1615,7
1616,24
1616,26
1616,76
1616,46
1616,19
1616,20
1616,34
1616,104
1616,42
1616,50
1616,52
1616,60
1616,12
1616,27
1616,4
1616,7
1616,17
1617,24
1617,25
1617,26
1617,37
1617,19
1617,20
1617,42
1617,2
1617,9
1617,4
1617,44
1618,44
1619,29
1619,17
1620,10
1620,24
1620,29
1620,37
1620,19
1620,85
1620,17
1621,10
1621,24
1621,40
1621,19
1621,2
1621,9
1621,7
1622,10
1622,24
1622,103
1622,27
1623,10
1623,24
1623,45
1623,59
1623,27
1624,18
1624,34
1624,97
1624,9
1624,68
1625,1
1625,2
1625,4
1625,44
1626,18
1627,29
1627,27
1627,39
1628,1
1629,9
1629,7
1629,44
1630,39
1630,4
1630,7
1631,10
1631,19
1631,20
1631,2
1631,9
1631,7
1631,44
1631,6
1633,24
1633,119
1633,61
1634,24
1634,25
1634,61
1634,9
1634,4
1634,7
1635,8
1635,12
1636,10
1636,27
1636,9
1636,5
1637,10
1637,12
1637,65
1637,14
1637,115
1637,91
1637,90
1637,66
1637,67
1637,2
1638,27
1639,1
1639,9
1639,4
1640,24
1640,26
1640,63
1640,36
1640,61
1640,17
1641,34
1641,9
1642,24
1642,27
1642,9
1642,7
1643,37
1643,19
1643,42
1643,44
1645,10
1645,24
1645,26
1645,1
1645,103
1645,27
1645,2
1645,7
1645,16
1645,5
1645,6
1646,18
1646,1
1647,18
1647,12
1647,15
1648,37
1648,38
1648,36
1649,17
1650,12
1650,90
1650,87
1651,10
1651,37
1651,19
1651,126
1651,3
1651,6
1652,12
1652,1
1652,22
1652,27
1653,9
1653,4
1654,1
1655,10
1655,24
1655,45
1655,59
1655,27
1656,18
1657,10
1657,54
1657,93
1658,24
1658,15
1658,2
1659,27
1660,44
1661,4
1662,10
1662,24
1662,28
1662,26
1662,37
1662,34
1662,42
1662,81
1662,36
1662,61
1662,4
1662,23
1662,17
1662,84
1663,25
1663,23
1664,4
1664,87
1665,24
1665,37
1665,20
1665,11
1665,34
1665,104
1665,35
1665,79
1665,71
1665,78
1665,93
1665,9
1665,17
1665,84
1666,12
1666,22
1667,24
1667,108
1667,110
1667,17
1667,84
1668,10
1668,24
1668,64
1668,114
1668,2
1668,102
1669,27
1669,44
1670,10
1670,45
1670,27
1670,70
1671,11
1671,1
1671,23
1671,17
1672,20
1672,38
1672,34
1672,39
1673,10
1673,30
1673,2
1674,24
1674,40
1674,49
1674,20
1674,34
1674,72
1674,36
1674,107
1674,74
1674,3
1675,24
1675,61
1676,29
1676,4
1676,7
1676,33
1676,6
1677,25
1677,26
1677,9
1677,4
1678,24
1678,29
1678,25
1678,40
1678,49
1678,38
1678,41
1678,42
1678,43
1678,77
1678,78
1678,3
1678,7
1679,27
1679,7
1679,5
1680,24
1680,37
1680,20
1680,4
1680,23
1681,12
1681,31
1682,20
1682,3
1682,9
1682,4
1682,23
1682,5
1683,24
1683,27
1683,9
1683,4
1683,23
1684,25
1684,28
1684,26
1684,11
1684,42
1684,9
1684,4
1684,23
1685,28
1685,1
1685,27
1685,9
1685,4
1685,7
1685,44
1685,5
1686,24
1686,2
1687,27
1688,10
1688,40
1688,13
1688,62
1688,14
1688,94
1688,83
1688,93
1689,4
1690,24
1690,30
1690,91
1690,27
1690,3
1690,39
1690,4
1690,33
1690,5
1690,6
1691,4
1691,5
1692,11
1692,1
1692,3
1692,9
1692,4
1693,7
1693,17
1694,12
1695,10
1695,24
1695,37
1695,1
1695,121
1695,9
1695,4
1695,5
1695,6
1696,24
1696,25
1696,37
1696,27
1696,9
1696,4
1697,27
1697,7
1698,11
1698,9
1698,4
1698,7
1699,26
1699,87
1700,7
1701,10
1701,24
1701,29
1701,76
1701,37
1701,19
1701,20
1701,50
1701,52
1701,60
1701,130
1701,39
1702,40
1702,103
1702,36
1702,83
1702,93
1702,5
1703,52
1703,12
1703,6
1704,12
1704,44
1705,27
1705,7
1706,11
1706,1
1706,9
1706,23
1706,44
1706,6
1708,10
1708,29
1708,6
1709,7
1710,10
1710,45
1710,29
1710,54
1710,40
1710,37
1710,55
1710,41
1710,11
1710,42
1710,52
1710,12
1710,93
1710,17
1711,18
1711,20
1711,39
1711,9
1711,4
1712,87
1713,25
1713,4
1714,27
1714,3
1714,7
1715,24
1715,28
1715,26
1715,39
1715,7
1715,6
1716,24
1716,37
1716,55
1716,19
1716,20
1716,41
1716,3
1716,39
1716,9
1716,4
1717,20
1717,38
1718,4
1719,24
1719,26
1719,27
1719,51
1719,4
1719,23
1719,7
1719,5
1720,10
1720,24
1720,54
1720,37
1720,1
1720,103
1720,85
1720,36
1720,93
1721,24
1721,42
1722,24
1722,25
1722,37
1722,42
1722,43
1722,27
1722,3
1722,9
1722,4
1722,23
1722,7
1722,44
1723,8
1724,8
1724,12
1724,1
1724,22
1724,2
1724,68
1724,44
1725,24
1725,25
1725,41
1725,42
1725,61
1725,9
1725,4
1725,23
1726,18
1726,37
1726,34
1726,35
1726,79
1726,73
1726,74
1726,7
1726,44
1727,25
1727,28
1727,38
1727,27
1727,9
1727,4
1727,7
1728,18
1728,39
1728,4
1729,24
1729,26
1729,37
1729,36
1729,27
1729,7
1729,6
1730,24
1730,8
1730,48
1730,82
1730,19
1730,131
1730,60
1730,35
1730,81
1730,39
1730,9
1730,4
1731,10
1731,45
1731,29
1731,8
1731,40
1731,34
1731,60
1731,35
1731,81
1731,85
1731,107
1731,83
1731,58
1732,10
1732,24
1732,45
1732,37
1732,42
1732,12
1732,78
1732,85
1732,126
1732,61
1732,94
1732,83
1732,16
1732,17
1733,17
1734,36
1735,37
1735,44
1736,24
1736,1
1736,9
1736,4
1736,23
1736,7
1737,9
1737,6
1738,9
1738,4
1738,6
1739,29
1739,18
1739,40
1739,46
1739,19
1739,39
1739,7
1739,68
1740,24
1740,25
1740,37
1740,38
1740,41
1740,42
1740,27
1740,3
1740,9
1740,4
1740,7
1740,44
1742,5
1743,24
1743,37
1743,19
1743,42
1743,56
1743,3
1743,4
1744,24
1744,29
1744,119
1744,61
1745,24
1745,25
1745,38
1745,27
1745,9
1745,4
1745,7
1746,24
1746,1
1746,9
1746,4
1746,23
1746,7
1747,12
1747,2
1748,44
1749,27
1749,44
1750,11
1750,4
1750,44
1751,30
1751,27
1751,2
1751,4
1751,7
1752,11
1753,81
1753,12
1753,27
1753,44
1754,28
1754,26
1754,1
1754,9
1754,80
1754,6
1755,11
1756,18
1756,12
1756,2
1756,44
1757,19
1757,9
1757,23
1757,17
1757,84
1758,37
1759,91
1759,119
1759,1
1759,27
1759,121
1759,4
1759,6
1760,41
1760,1
1761,24
1762,10
1762,29
1762,18
1762,40
1762,19
1762,34
1762,35
1762,99
1762,27
1762,9
1763,10
1763,29
1763,40
1763,49
1763,19
1763,41
1763,35
1763,81
1763,12
1763,27
1763,39
1763,6
1764,29
1764,26
1764,27
1764,4
1764,7
1764,17
1764,84
1765,24
1765,11
1765,9
1765,4
1766,10
1766,24
1766,29
1766,25
1766,40
1766,37
1766,34
1766,42
1766,35
1766,79
1766,12
1766,22
1766,36
1766,27
1766,2
1766,3
1767,37
1767,3
1768,27
1768,4
1768,7
1769,90
1769,7
1770,24
1770,36
1770,61
1770,7
1771,29
1771,42
1771,52
1772,18
1772,26
1772,1
1772,27
1772,83
1772,9
1772,4
1773,27
1773,7
1773,44
1773,6
1774,10
1774,45
1774,12
1774,65
1774,96
1774,92
1774,27
1774,2
1774,7
1774,16
1774,44
1774,6
1775,10
1775,24
1775,25
1775,28
1775,11
1775,27
1775,108
1775,9
1776,39
1777,10
1778,10
1778,29
1778,19
1778,34
1778,12
1778,6
1779,25
1779,26
1779,37
1779,20
1779,38
1779,42
1779,81
1779,3
1780,10
1780,45
1780,29
1780,26
1780,63
1780,37
1780,19
1780,20
1780,38
1780,34
1780,72
1780,3
1780,4
1780,6
1782,7
1783,29
1783,19
1783,38
1784,27
1785,11
1786,51
1786,9
1786,7
1786,68
1787,39
1788,10
1788,24
1788,48
1788,19
1788,34
1788,79
1788,78
1788,36
1788,74
1788,70
1788,4
1788,17
1789,29
1789,17
1790,26
1790,7
1791,10
1791,1
1791,27
1791,2
1791,7
1792,4
1793,24
1793,29
1793,25
1793,40
1793,49
1793,37
1793,19
1793,38
1793,41
1793,27
1793,70
1793,3
1793,39
1793,17
1793,6
1794,51
1794,16
1794,44
1794,6
1795,10
1795,24
1795,12
1795,85
1795,36
1795,61
1795,93
1797,24
1797,25
1797,26
1797,61
1797,27
1797,9
1797,23
1797,7
1797,33
1797,5
1798,1
1798,44
1799,29
1799,34
1799,4
1799,17
1800,27
1800,7
1801,27
1801,4
1802,26
1802,81
1802,88
1802,4
1802,87
1803,12
1803,5
1804,12
1804,27
1804,102
1805,4
1806,27
1806,7
1808,10
1808,24
1808,20
1808,93
1808,39
1809,10
1809,24
1809,45
1809,29
1809,8
1809,48
1809,40
1809,46
1809,81
1809,126
1809,94
1809,83
1809,66
1810,29
1810,37
1810,41
1810,81
1810,1
1810,70
1810,7
1810,17
1810,84
1811,24
1811,25
1811,63
1811,40
1811,49
1811,37
1811,55
1811,38
1811,41
1811,42
1811,81
1811,43
1811,27
1811,7
1812,8
1813,6
1814,10
1814,45
1814,29
1814,38
1814,41
1814,34
1814,35
1814,81
1814,73
1814,9
1815,24
1815,116
1815,4
1815,17
1816,39
1817,39
1817,44
1818,29
1818,42
1818,12
1818,62
1818,22
1818,113
1818,6
1819,10
1819,24
1819,45
1819,40
1819,37
1819,34
1819,42
1819,27
1819,3
1819,7
1819,44
1820,12
1820,5
1821,12
1821,1
1821,110
1821,5
1822,26
1822,63
1822,1
1822,27
1822,2
1822,39
1822,4
1822,7
1822,5
1823,39
1824,10
1824,24
1824,3
1824,109
1825,10
1825,24
1825,45
1825,59
1825,27
1826,37
1826,12
1826,9
1826,4
1826,87
1826,7
1826,6
1827,10
1827,24
1827,45
1827,59
1827,27
1828,24
1828,42
1828,9
1829,10
1829,24
1829,8
1829,19
1829,27
1829,4
1830,27
1830,7
1831,29
1831,4
1831,7
1831,33
1831,6
1832,4
1832,5
1833,24
1833,26
1833,40
1833,49
1833,9
1833,4
1834,24
1834,36
1834,61
1834,27
1835,40
1835,19
1835,41
1835,42
1835,12
1835,6
1836,10
1836,24
1836,39
1837,10
1837,45
1837,12
1837,13
1837,65
1837,14
1837,115
1837,27
1837,7
1837,44
1838,29
1838,39
1838,44
1838,17
1838,6
1839,34
1839,33
1839,17
1840,18
1840,4
1841,10
1841,24
1841,45
1841,29
1841,18
1841,30
1841,25
1841,41
1841,27
1841,3
1842,1
1842,27
1842,108
1842,17
1842,84
1843,44
1844,24
1844,29
1844,40
1844,34
1845,11
1846,1
1847,10
1847,40
1847,13
1847,62
1847,14
1847,116
1847,22
1847,94
1847,83
1847,93
1848,24
1848,37
1848,42
1848,61
1849,10
1849,24
1849,25
1849,27
1849,23
1851,10
1851,24
1851,45
1851,30
1851,7
1852,29
1852,8
1852,18
1852,27
1852,9
1852,4
1853,24
1853,30
1854,10
1854,29
1854,82
1854,40
1854,41
1854,42
1854,35
1854,7
1854,44
1855,27
1855,9
1855,4
1855,5
1856,24
1856,25
1856,42
1856,43
1856,61
1856,2
1857,25
1857,37
1857,39
1858,3
1858,4
1858,44
1858,6
1859,7
1860,39
1861,10
1861,24
1861,25
1861,26
1861,1
1861,27
1861,111
1861,9
1861,5
1863,11
1863,87
1864,24
1864,18
1864,37
1864,20
1864,61
1865,10
1865,106
1865,8
1865,27
1865,93
1865,7
1866,11
1866,34
1866,12
1866,13
1866,65
1866,14
1866,22
1866,6
1869,25
1869,28
1870,24
1870,50
1870,52
1870,70
1870,39
1870,7
1871,12
1871,27
1872,10
1872,24
1872,29
1872,25
1872,37
1872,19
1872,42
1872,43
1872,9
1872,44
1872,6
1873,29
1873,1
1873,9
1873,4
1873,87
1874,3
1874,4
1875,29
1875,12
1875,65
1875,14
1875,115
1875,6
1876,37
1876,38
1876,42
1878,12
1878,44
1879,10
1879,24
1879,19
1879,85
1879,107
1879,3
1879,44
1880,10
1880,25
1880,4
1881,29
1881,19
1881,39
1881,6
1882,24
1882,27
1882,7
1883,24
1883,42
1883,36
1883,93
1884,10
1884,34
1884,52
1884,12
1884,13
1884,15
1884,62
1884,65
1884,14
1884,27
1884,7
1884,16
1884,68
1885,9
1885,44
1886,9
1886,4
1887,24
1887,29
1887,1
1887,61
1888,10
1888,29
1888,37
1888,19
1888,20
1888,38
1888,42
1888,39
1889,10
1889,24
1889,45
1889,29
1889,8
1889,40
1889,46
1889,19
1889,27
1889,39
1889,7
1889,6
1890,24
1890,19
1890,36
1891,9
1892,8
1892,27
1892,87
1892,7
1892,6
1893,42
1893,4
1894,10
1894,24
1894,45
1894,29
1894,40
1894,49
1894,37
1894,55
1894,41
1894,81
1894,61
1894,56
1894,108
1894,110
1894,7
1894,5
1894,6
1895,10
1895,24
1895,45
1895,37
1895,36
1895,7
1895,17
1896,24
1896,29
1896,40
1896,49
1896,41
1896,42
1896,43
1897,10
1897,24
1897,45
1897,59
1897,27
1898,10
1898,24
1898,48
1898,19
1898,34
1898,79
1898,78
1898,36
1898,74
1898,70
1898,4
1898,17
1899,29
1899,106
1899,12
1899,22
1899,70
1901,12
1902,10
1902,24
1902,45
1902,59
1902,27
1903,24
1903,26
1903,63
1903,9
1903,4
1903,23
1904,18
1904,12
1904,97
1904,4
1905,8
1905,11
1905,27
1906,4
1906,44
1907,24
1907,20
1907,27
1907,7
1908,12
1908,27
1908,2
1909,10
1909,24
1909,29
1909,82
1909,37
1909,20
1909,38
1909,34
1909,42
1909,81
1909,61
1909,70
1910,24
1910,18
1910,25
1910,37
1910,20
1910,42
1910,61
1910,56
1910,57
1910,39
1911,27
1911,4
1912,4
1912,33
1912,44
1913,11
1914,10
1914,24
1914,12
1914,1
1914,2
1915,7
1916,27
1916,7
1917,18
1917,90
1917,119
1917,31
1918,27
1918,6
1919,24
1919,26
1919,37
1919,9
1919,44
1919,6
1920,24
1920,37
1920,3
1920,23
1921,1
1922,24
1922,19
1922,11
1922,27
1922,4
1923,10
1923,27
1923,2
1923,7
1924,28
1924,27
1924,39
1924,9
1924,4
1924,44
1924,6
1925,4
1926,8
1926,7
1927,29
1927,109
1927,44
1928,11
1929,37
1929,27
1929,5
1930,24
1930,26
1930,81
1930,1
1930,61
1930,9
1930,23
